ID,Name,Status,Type,Category,Altitude Level Limit Inferior,Altitude Level Limit Superior,Description,Actions
687fd5152f3bcf0a8afbccf0,Geozone name 3,ACTIVE,CIRCULAR,RESTRICTED,L0 - 0 m,L4 - 120 m,"The geo-zone has center (45.50139281147858, 9.199892606014885) and radius 5000 m",
687ff6a32f3bcf0a8afbccf1,Geozone name 1,INACTIVE,CIRCULAR,EXCLUDED,L3 - 60 m,L4 - 120 m,"The geo-zone has center (45.61135525259209, 9.284015790414173) and radius 2000 m",
68aec0e93b57fa3ae43911d3,Geozone name 2,ACTIVE,POLYGONAL,EXCLUDED,L0 - 0 m,L4 - 120 m,"The geo-zone is bounded by the following coordinates: (9.287167093589261, 45.417621529783816), (9.249918352926016, 45.35941927671735), (9.300965909173897, 45.341150151046435), (9.338092222152028, 45.39922304999459), (9.287167093589261, 45.417621529783816)",
68aec10c3b57fa3ae43911d4,Geozone name 4,INACTIVE,CIRCULAR,RESTRICTED,L1 - 25 m,L3 - 60 m,"The geo-zone has center (45.34437086850929, 9.01740151491822) and radius 5000 m",
68aec1733b57fa3ae43911d5,Geozone name 5,ACTIVE,CIRCULAR,EXCLUDED,L2 - 45 m,L4 - 120 m,"The geo-zone has center (45.65880864119251, 9.060584405569813) and radius 3000 m",
68aec1b93b57fa3ae43911d6,Geozone name 6,ACTIVE,POLYGONAL,RESTRICTED,L0 - 0 m,L4 - 120 m,"The geo-zone is bounded by the following coordinates: (8.86379002874105, 45.619276550265056), (8.935365545108596, 45.62093417824087), (8.941209226440833, 45.585585817345105), (8.90577495126567, 45.58632929782166), (8.913423744793903, 45.5486099361774), (8.878572020946052, 45.549266141249404), (8.86379002874105, 45.619276550265056)",